{
    "order": 2, 
    "robot_pose": {
        "pos_z": 0.09526971727609634, 
        "pos_x": -0.14722974598407745, 
        "pos_y": 1.107497215270996, 
        "ori_x": 0.02824918557769799, 
        "ori_y": 0.0470651081312339, 
        "ori_z": -0.6367197546839486, 
        "ori_w": 0.7691390076611667
    }, 
    "option": {
        "crawl": false, 
        "up_stair": false, 
        "speed_up": false, 
        "down_stair": false, 
        "autocharge": false
    }
}