{
    "order": 1, 
    "robot_pose": {
        "pos_z": 0.3086700737476349, 
        "pos_x": -45.90126037597656, 
        "pos_y": -1.1321532726287842, 
        "ori_x": 0.0059742718848380056, 
        "ori_y": -0.009177407756680987, 
        "ori_z": 0.9912882992582436, 
        "ori_w": 0.13125391809775655
    }, 
    "option": {
        "crawl": false, 
        "up_stair": false, 
        "speed_up": false, 
        "down_stair": false, 
        "autocharge": false
    }
}