{
    "order": 2, 
    "robot_pose": {
        "pos_z": 0.27321937680244446, 
        "pos_x": -47.261436462402344, 
        "pos_y": -1.1337621212005615, 
        "ori_x": 0.0016877053160971546, 
        "ori_y": -0.015887851423698682, 
        "ori_z": 0.7661890691638986, 
        "ori_w": 0.6424165612137216
    }, 
    "option": {
        "crawl": false, 
        "up_stair": false, 
        "speed_up": false, 
        "down_stair": false, 
        "autocharge": false
    }
}