{
    "order": 3, 
    "robot_pose": {
        "pos_z": 0.27084076404571533, 
        "pos_x": -47.259803771972656, 
        "pos_y": 0.11895962804555893, 
        "ori_x": 0.00038988967948819236, 
        "ori_y": -0.0016815284418895027, 
        "ori_z": 0.9372968788681476, 
        "ori_w": 0.348527733921084
    }, 
    "option": {
        "crawl": false, 
        "up_stair": false, 
        "speed_up": false, 
        "down_stair": false, 
        "autocharge": false
    }
}