{
    "order": 4, 
    "robot_pose": {
        "pos_z": 0.30722203850746155, 
        "pos_x": -45.03853988647461, 
        "pos_y": 0.11218646913766861, 
        "ori_x": 0.004753499862821655, 
        "ori_y": 0.003421657272289051, 
        "ori_z": 0.7041197408716858, 
        "ori_w": 0.7100571012357774
    }, 
    "option": {
        "crawl": false, 
        "up_stair": false, 
        "speed_up": false, 
        "down_stair": false, 
        "autocharge": false
    }
}
