{
    "order": 4, 
    "robot_pose": {
        "pos_z": 0.2987338900566101, 
        "pos_x": -35.350460052490234, 
        "pos_y": -3.2927255630493164, 
        "ori_x": -0.01560656040231218, 
        "ori_y": -0.0004213976137034095, 
        "ori_z": 0.9996177308246869, 
        "ori_w": -0.022817754432988113
    }, 
    "option": {
        "crawl": false, 
        "up_stair": false, 
        "speed_up": false, 
        "down_stair": false, 
        "autocharge": false
    }
}