{
    "order": 2, 
    "robot_pose": {
        "pos_z": 0.4638707935810089, 
        "pos_x": 0.06573402881622314, 
        "pos_y": -0.8033375144004822, 
        "ori_x": 0.016320356071797163, 
        "ori_y": -0.008771434749759508, 
        "ori_z": 0.401622293648978, 
        "ori_w": 0.9156179558933161
    }, 
    "option": {
        "crawl": false, 
        "up_stair": false, 
        "speed_up": false, 
        "down_stair": false, 
        "autocharge": false
    }
}