{
    "order": 3, 
    "robot_pose": {
        "pos_z": 0.6093961000442505, 
        "pos_x": -3.7250287532806396, 
        "pos_y": -5.5328264236450195, 
        "ori_x": 0.041037693072076484, 
        "ori_y": 0.0056432778976840585, 
        "ori_z": 0.9089583447933873, 
        "ori_w": -0.41482380427400384
    }, 
    "option": {
        "crawl": false, 
        "up_stair": false, 
        "speed_up": false, 
        "down_stair": false, 
        "autocharge": true
    }
}
