{
    "order": 3,
    "robot_pose": {
        "pos_x": 2.0027410984039307,
        "pos_y": 2.665444850921631,
        "pos_z": 0.3607350289821625,
        "ori_x": -0.01629164093392324,
        "ori_y": -0.017587846150701,
        "ori_z": -0.7257831110555126,
        "ori_w": 0.6875057278379874
    },
    "option": {
        "up_stair": false,
        "down_stair": false,
        "speed_up": false,
        "crawl": false,
        "autocharge": false
    }
}