{
    "order": 1, 
    "robot_pose": {
        "pos_z": 0.08562323451042175, 
        "pos_x": -0.3119608163833618, 
        "pos_y": 1.0794047117233276, 
        "ori_x": 0.01629441441064457, 
        "ori_y": 0.04176366203948466, 
        "ori_z": -0.6470205157855635, 
        "ori_w": 0.7611535592406105
    }, 
    "option": {
        "crawl": false, 
        "up_stair": false, 
        "speed_up": false, 
        "down_stair": false, 
        "autocharge": false
    }
}