{
    "order": 2, 
    "robot_pose": {
        "pos_z": 0.0015974274137988687, 
        "pos_x": -0.2219957858324051, 
        "pos_y": 0.31663474440574646, 
        "ori_x": 0.031328626627977765, 
        "ori_y": -0.026991435605169586, 
        "ori_z": 0.9802551654120922, 
        "ori_w": -0.1933643975515876
    }, 
    "option": {
        "crawl": false, 
        "up_stair": false, 
        "speed_up": false, 
        "down_stair": false, 
        "autocharge": false
    }
}